<?xml version="1.0" encoding="UTF-8"?>
<beans xmlns="http://www.springframework.org/schema/beans"
	xmlns:context="http://www.springframework.org/schema/context"
	xmlns:xsi="http://www.w3.org/2001/XMLSchema-instance"
	xmlns:p="http://www.springframework.org/schema/p"
	xsi:schemaLocation="http://www.springframework.org/schema/beans
	http://www.springframework.org/schema/beans/spring-beans-3.0.xsd
	http://www.springframework.org/schema/context
	http://www.springframework.org/schema/context/spring-context-3.0.xsd">
	
	<!-- without Autowiring -->
	
	<!-- constructor injection-->
	<!-- <bean id="emp" class="com.te.springcorexmlfinall.bean.Employee">
	<constructor-arg name="empId" value="1"></constructor-arg>
	<constructor-arg name="name" value="naveen"></constructor-arg>
	<constructor-arg name="dept" ref="dept"></constructor-arg>
	</bean>
	
	<bean id="dept" class="com.te.springcorexmlfinall.bean.department">
	<constructor-arg name="deptname" value="developer"></constructor-arg>
	<constructor-arg name="deptLocation" value="rmm"></constructor-arg>
	</bean>
	 -->
	 
	 <!-- setter injection -->
	 <!-- <bean id="emp" class="com.te.springcorexmlfinall.bean.Employee">
	<property name="empId" value="1"></property>
	<property name="name" value="naveen"></property>
	<property name="dept" ref="dept"></property>
	</bean>
	
	<bean id="dept" class="com.te.springcorexmlfinall.bean.department">
	<property name="deptname" value="developer"></property>
	<property name="deptLocation" value="rmm"></property>
	</bean>
	 -->
	 
	 
	 
	
	</beans>