<?xml version="1.0" encoding="UTF-8"?>
<beans xmlns="http://www.springframework.org/schema/beans"
	xmlns:context="http://www.springframework.org/schema/context"
	xmlns:xsi="http://www.w3.org/2001/XMLSchema-instance"
	xmlns:p="http://www.springframework.org/schema/p"
	xsi:schemaLocation="http://www.springframework.org/schema/beans
	http://www.springframework.org/schema/beans/spring-beans-3.0.xsd
	http://www.springframework.org/schema/context
	http://www.springframework.org/schema/context/spring-context-3.0.xsd">

<!-- autowire by name -->
	<!-- <bean id="emp" class="com.te.springcorexmlfinall.bean.Employee" autowire="byName">
		<property name="empId" value="1"></property>
		<property name="name" value="naveen"></property>
	</bean>
	
	<bean id="dept" class="com.te.springcorexmlfinall.bean.department">
	<property name="deptname" value="developer"></property>
	<property name="deptLocation" value="rmm"></property>
	</bean>
 -->
 
 
 <!-- autowire by type -->
 <!-- <bean id="emp" class="com.te.springcorexmlfinall.bean.Employee" autowire="byType">
		<property name="empId" value="1"></property>
		<property name="name" value="naveen"></property>
	</bean>
	
	<bean id="dept1" class="com.te.springcorexmlfinall.bean.department">
	<property name="deptname" value="developer"></property>
	<property name="deptLocation" value="rmm"></property>
	</bean>

    <bean id="dept2" class="com.te.springcorexmlfinall.bean.department" primary="true">
	<property name="deptname" value="testing"></property>
	<property name="deptLocation" value="chennai"></property>
	</bean>
 -->


	<!-- autowire by constructor -->
	<bean id="emp" class="com.te.springcorexmlfinall.bean.Employee" autowire="constructor">
		<constructor-arg name="empId" value="1"></constructor-arg>
		<constructor-arg name="name" value="naveen"></constructor-arg>
	</bean>
	
	<bean id="dept1" class="com.te.springcorexmlfinall.bean.department">
		<constructor-arg name="deptname" value="driving"></constructor-arg>
		<constructor-arg name="deptLocation" value="bangalore"></constructor-arg>
	</bean>

    <bean id="dept2" class="com.te.springcorexmlfinall.bean.department" primary="true">
		<constructor-arg name="deptname" value="bank"></constructor-arg>
		<constructor-arg name="deptLocation" value="ramnad"></constructor-arg>
	</bean>

</beans>